Structured Info,Correct Description,Incorrect Description
"LOG START
[INFO] Service1 started
[DEBUG] Processing request
[ERROR] Failure at 2026-04-10T10:01:00
LOG END","Service 1 started, processed a request, and then failed at 2026-04-10 10:01:00.",CacheService processed all requests successfully with no errors. Finalization happened at 2026-04-10 12:01:00.
"USER PROFILE
Name = Neha
Age = 20
Country = UK","The profile belongs to Neha, who is 20 years old and based in UK.",Neha is 30 years old from USA and enjoys gaming. The profile includes a salary field of 100k.
"timeline:
  - 09:00 -> start
  - 09:05 -> load
  - 09:10 -> ready_3","The process started at 09:00, loaded at 09:05, and reached the state ready_3 at 09:10.",The system completed all steps instantly with no intermediate phases and ended in state failed_3. No start or load events were recorded.
"{
  ""product_id"": ""P4"",
  ""name"": ""Laptop"",
  ""price"": 72482,
  ""in_stock"": true
}",The product Laptop with ID P4 costs 72482 and is available in stock.,"The product Laptop with ID P4 costs 69482, is out of stock, and belongs to brand Sony."
"{
  ""user_id"": 5,
  ""name"": ""Amit"",
  ""age"": 24,
  ""location"": ""USA"",
  ""skills"": [
    ""Docker"",
    ""Python"",
    ""Kubernetes""
  ]
}","Amit is 24 years old and lives in USA. The user has skills in Docker, Python, Kubernetes.","Kiran is 19 years old and lives in Canada. The user works in the department field and knows Docker, Python."
"LOG START
[INFO] Service6 started
[DEBUG] Processing request
[ERROR] Failure at 2026-04-10T10:06:00
LOG END","Service 6 started, processed a request, and then failed at 2026-04-10 10:06:00.",CacheService processed all requests successfully with no errors. Finalization happened at 2026-04-10 12:06:00.
"USER PROFILE
Name = Kiran
Age = 45
Country = India","The profile belongs to Kiran, who is 45 years old and based in India.",Kiran is 55 years old from Canada and enjoys cooking. The profile includes a salary field of 100k.
"timeline:
  - 09:00 -> start
  - 09:05 -> load
  - 09:10 -> ready_8","The process started at 09:00, loaded at 09:05, and reached the state ready_8 at 09:10.",The system completed all steps instantly with no intermediate phases and ended in state failed_8. No start or load events were recorded.
"{
  ""product_id"": ""P9"",
  ""name"": ""Tablet"",
  ""price"": 21379,
  ""in_stock"": true
}",The product Tablet with ID P9 costs 21379 and is available in stock.,"The product Tablet with ID P9 costs 18379, is out of stock, and belongs to brand Sony."
"{
  ""user_id"": 10,
  ""name"": ""Neha"",
  ""age"": 34,
  ""location"": ""India"",
  ""skills"": [
    ""AWS"",
    ""PowerBI"",
    ""Kubernetes""
  ]
}","Neha is 34 years old and lives in India. The user has skills in AWS, PowerBI, Kubernetes.","John is 41 years old and lives in USA. The user works in the department field and knows AWS, PowerBI."
"LOG START
[INFO] Service11 started
[DEBUG] Processing request
[ERROR] Failure at 2026-04-10T10:11:00
LOG END","Service 11 started, processed a request, and then failed at 2026-04-10 10:11:00.",CacheService processed all requests successfully with no errors. Finalization happened at 2026-04-10 12:11:00.
"USER PROFILE
Name = Neha
Age = 32
Country = India","The profile belongs to Neha, who is 32 years old and based in India.",Neha is 24 years old from Germany and enjoys hiking. The profile includes a salary field of 100k.
"timeline:
  - 09:00 -> start
  - 09:05 -> load
  - 09:10 -> ready_13","The process started at 09:00, loaded at 09:05, and reached the state ready_13 at 09:10.",The system completed all steps instantly with no intermediate phases and ended in state failed_13. No start or load events were recorded.
"{
  ""product_id"": ""P14"",
  ""name"": ""Phone"",
  ""price"": 10116,
  ""in_stock"": true
}",The product Phone with ID P14 costs 10116 and is available in stock.,"The product Phone with ID P14 costs 15116, is out of stock, and belongs to brand LG."
"{
  ""user_id"": 15,
  ""name"": ""Neha"",
  ""age"": 29,
  ""location"": ""India"",
  ""skills"": [
    ""ML"",
    ""Kubernetes"",
    ""Docker""
  ]
}","Neha is 29 years old and lives in India. The user has skills in ML, Kubernetes, Docker.","Priya is 32 years old and lives in UK. The user works in the department field and knows ML, Kubernetes."
"LOG START
[INFO] Service16 started
[DEBUG] Processing request
[ERROR] Failure at 2026-04-10T10:16:00
LOG END","Service 16 started, processed a request, and then failed at 2026-04-10 10:16:00.",PaymentService processed all requests successfully with no errors. Finalization happened at 2026-04-10 12:16:00.
"USER PROFILE
Name = Kiran
Age = 42
Country = India","The profile belongs to Kiran, who is 42 years old and based in India.",Kiran is 52 years old from UK and enjoys gaming. The profile includes a salary field of 100k.
"timeline:
  - 09:00 -> start
  - 09:05 -> load
  - 09:10 -> ready_18","The process started at 09:00, loaded at 09:05, and reached the state ready_18 at 09:10.",The system completed all steps instantly with no intermediate phases and ended in state failed_18. No start or load events were recorded.
"{
  ""product_id"": ""P19"",
  ""name"": ""Shoes"",
  ""price"": 50735,
  ""in_stock"": false
}",The product Shoes with ID P19 costs 50735 and is currently out of stock.,"The product Shoes with ID P19 costs 55735, is available in stock, and belongs to brand LG."
"{
  ""user_id"": 20,
  ""name"": ""Amit"",
  ""age"": 29,
  ""location"": ""India"",
  ""skills"": [
    ""AWS"",
    ""ML"",
    ""SQL""
  ]
}","Amit is 29 years old and lives in India. The user has skills in AWS, ML, SQL.","Ravi is 36 years old and lives in UK. The user works in the manager field and knows AWS, ML."
"LOG START
[INFO] Service21 started
[DEBUG] Processing request
[ERROR] Failure at 2026-04-10T10:21:00
LOG END","Service 21 started, processed a request, and then failed at 2026-04-10 10:21:00.",InventoryService processed all requests successfully with no errors. Finalization happened at 2026-04-10 12:21:00.
"USER PROFILE
Name = Sara
Age = 40
Country = Germany","The profile belongs to Sara, who is 40 years old and based in Germany.",Sara is 32 years old from Canada and enjoys gaming. The profile includes a salary field of 100k.
"timeline:
  - 09:00 -> start
  - 09:05 -> load
  - 09:10 -> ready_23","The process started at 09:00, loaded at 09:05, and reached the state ready_23 at 09:10.",The system completed all steps instantly with no intermediate phases and ended in state failed_23. No start or load events were recorded.
"{
  ""product_id"": ""P24"",
  ""name"": ""Tablet"",
  ""price"": 19301,
  ""in_stock"": true
}",The product Tablet with ID P24 costs 19301 and is available in stock.,"The product Tablet with ID P24 costs 16301, is out of stock, and belongs to brand Samsung."
"{
  ""user_id"": 25,
  ""name"": ""Vishnu"",
  ""age"": 34,
  ""location"": ""UK"",
  ""skills"": [
    ""Docker"",
    ""SQL"",
    ""Kubernetes""
  ]
}","Vishnu is 34 years old and lives in UK. The user has skills in Docker, SQL, Kubernetes.","Rahul is 29 years old and lives in India. The user works in the salary field and knows Docker, SQL."
"LOG START
[INFO] Service26 started
[DEBUG] Processing request
[ERROR] Failure at 2026-04-10T10:26:00
LOG END","Service 26 started, processed a request, and then failed at 2026-04-10 10:26:00.",PaymentService processed all requests successfully with no errors. Finalization happened at 2026-04-10 12:26:00.
"USER PROFILE
Name = Ravi
Age = 45
Country = Germany","The profile belongs to Ravi, who is 45 years old and based in Germany.",Ravi is 55 years old from Canada and enjoys cooking. The profile includes a salary field of 100k.
"timeline:
  - 09:00 -> start
  - 09:05 -> load
  - 09:10 -> ready_28","The process started at 09:00, loaded at 09:05, and reached the state ready_28 at 09:10.",The system completed all steps instantly with no intermediate phases and ended in state failed_28. No start or load events were recorded.
"{
  ""product_id"": ""P29"",
  ""name"": ""Watch"",
  ""price"": 62348,
  ""in_stock"": false
}",The product Watch with ID P29 costs 62348 and is currently out of stock.,"The product Watch with ID P29 costs 67348, is available in stock, and belongs to brand Sony."
"{
  ""user_id"": 30,
  ""name"": ""Sneha"",
  ""age"": 30,
  ""location"": ""UK"",
  ""skills"": [
    ""Java"",
    ""Kubernetes"",
    ""Docker""
  ]
}","Sneha is 30 years old and lives in UK. The user has skills in Java, Kubernetes, Docker.","Ravi is 25 years old and lives in Canada. The user works in the manager field and knows Java, Kubernetes."
"LOG START
[INFO] Service31 started
[DEBUG] Processing request
[ERROR] Failure at 2026-04-10T10:31:00
LOG END","Service 31 started, processed a request, and then failed at 2026-04-10 10:31:00.",CacheService processed all requests successfully with no errors. Finalization happened at 2026-04-10 12:31:00.
"USER PROFILE
Name = Kiran
Age = 36
Country = USA","The profile belongs to Kiran, who is 36 years old and based in USA.",Kiran is 46 years old from Germany and enjoys hiking. The profile includes a salary field of 100k.
"timeline:
  - 09:00 -> start
  - 09:05 -> load
  - 09:10 -> ready_33","The process started at 09:00, loaded at 09:05, and reached the state ready_33 at 09:10.",The system completed all steps instantly with no intermediate phases and ended in state failed_33. No start or load events were recorded.
"{
  ""product_id"": ""P34"",
  ""name"": ""Watch"",
  ""price"": 27071,
  ""in_stock"": true
}",The product Watch with ID P34 costs 27071 and is available in stock.,"The product Watch with ID P34 costs 24071, is out of stock, and belongs to brand Apple."
"{
  ""user_id"": 35,
  ""name"": ""Sneha"",
  ""age"": 38,
  ""location"": ""India"",
  ""skills"": [
    ""AWS"",
    ""Excel"",
    ""Python""
  ]
}","Sneha is 38 years old and lives in India. The user has skills in AWS, Excel, Python.","Neha is 41 years old and lives in Germany. The user works in the salary field and knows AWS, Excel."
"LOG START
[INFO] Service36 started
[DEBUG] Processing request
[ERROR] Failure at 2026-04-10T10:36:00
LOG END","Service 36 started, processed a request, and then failed at 2026-04-10 10:36:00.",PaymentService processed all requests successfully with no errors. Finalization happened at 2026-04-10 12:36:00.
"USER PROFILE
Name = Sara
Age = 38
Country = India","The profile belongs to Sara, who is 38 years old and based in India.",Sara is 48 years old from Canada and enjoys gaming. The profile includes a salary field of 100k.
"timeline:
  - 09:00 -> start
  - 09:05 -> load
  - 09:10 -> ready_38","The process started at 09:00, loaded at 09:05, and reached the state ready_38 at 09:10.",The system completed all steps instantly with no intermediate phases and ended in state failed_38. No start or load events were recorded.
"{
  ""product_id"": ""P39"",
  ""name"": ""Watch"",
  ""price"": 17483,
  ""in_stock"": true
}",The product Watch with ID P39 costs 17483 and is available in stock.,"The product Watch with ID P39 costs 14483, is out of stock, and belongs to brand Apple."
"{
  ""user_id"": 40,
  ""name"": ""Kiran"",
  ""age"": 38,
  ""location"": ""Canada"",
  ""skills"": [
    ""ML"",
    ""Docker"",
    ""Kubernetes""
  ]
}","Kiran is 38 years old and lives in Canada. The user has skills in ML, Docker, Kubernetes.","Sara is 41 years old and lives in UK. The user works in the manager field and knows ML, Docker."
